epoch,train_acc,val_acc,train_loss,val_loss
1,0.4867648298535982,0.48925515523063307,1.9343016147613525,1.7403613328933716
2,0.36468373282378397,0.36236599678720127,1.7453736066818237,1.6515487432479858
3,0.36468373282378397,0.36236599678720127,1.6469364166259766,1.6190603971481323
4,0.4054429988478939,0.4030505196210209,1.6174112558364868,1.540624976158142
5,0.44622685250231825,0.44502999704947055,1.5394543409347534,1.2964013814926147
6,0.4671368758254419,0.46566731141199225,1.29469633102417,1.1048096418380737
7,0.5927269789529884,0.5940399304986395,1.102282166481018,1.0493505001068115
8,0.53457372074072,0.5360046552798086,1.0475324392318726,1.0889554023742676
9,0.6265876584145896,0.6262007015703374,1.0874212980270386,0.9818160533905029
10,0.6287021946216315,0.6282414844441531,0.9782752990722656,0.9363701939582825
11,0.6494190294208559,0.649296790479625,0.9319283962249756,0.8774435520172119
12,0.6315157220333267,0.6299708225420451,0.8742855191230774,0.8864549994468689
13,0.666293168853795,0.6656230534701505,0.8839254379272461,0.8544632792472839
14,0.6674136622924102,0.6663770776644921,0.8513514399528503,0.8386011719703674
15,0.6823243038188103,0.6811870963511786,0.8348937630653381,0.7887881398200989
16,0.6659454295107764,0.6660082614824772,0.7859050631523132,0.7756951451301575
17,0.6849973304858515,0.6847031439530538,0.7740843296051025,0.7536531090736389
18,0.6916149155590524,0.6912025046716717,0.7513207793235779,0.7507869601249695
19,0.6995110574086043,0.6987755302757106,0.746616780757904,0.7315930128097534
20,0.6919415797903729,0.691538537193063,0.727683424949646,0.7272993922233582
21,0.705865203585579,0.7056437071763433,0.7246996760368347,0.7096949219703674
22,0.6996375080787928,0.6983001671966692,0.7065200209617615,0.7115376591682434
23,0.7119383482732459,0.7111923417368783,0.7073702812194824,0.6923909783363342
24,0.7009898277460871,0.7005622397796938,0.6892386674880981,0.6927541494369507
25,0.7082783038750106,0.708184440874668,0.6910199522972107,0.6803216934204102
26,0.7043442830247,0.7040946792118808,0.6780465245246887,0.6848742365837097
27,0.7186929215724843,0.718568665377176,0.6823887228965759,0.6730693578720093
28,0.7297714052884481,0.7301822771530669,0.6717641353607178,0.6703684329986572
29,0.7197607272318544,0.7198718158869619,0.6693459749221802,0.6654762029647827
30,0.7198344901227977,0.7196587220929089,0.6634109616279602,0.6630512475967407
31,0.7202946300615394,0.7206996033177064,0.6609086394309998,0.6554755568504333
32,0.7244358895102144,0.7247401894895584,0.6541910767555237,0.6499083638191223
33,0.7334806249473123,0.7341327082582041,0.6488003730773926,0.6459804177284241
34,0.7356162362660522,0.7366734419565288,0.6443602442741394,0.6449606418609619
35,0.7382717003400118,0.7387715962364357,0.6432046890258789,0.6397839784622192
36,0.7373900581673083,0.7380913352784972,0.6384022831916809,0.6373870372772217
37,0.7379485486273077,0.7387470084909681,0.6360023617744446,0.6324491500854492
38,0.7342709416359907,0.735509622004393,0.6304346323013306,0.6313186883926392
39,0.7372987326832833,0.7386896370848769,0.6288991570472717,0.6261787414550781
40,0.73847542641976,0.7399026325279481,0.6240744590759277,0.6240707039833069
41,0.7417947565122095,0.7428285742385995,0.62221360206604,0.6188066005706787
42,0.7422584089695675,0.7424925417172081,0.6165550351142883,0.6168094873428345
43,0.7434105150757299,0.7443612103727503,0.6142539978027344,0.6117435693740845
44,0.7438355298283081,0.7447218306396092,0.6095982193946838,0.6085279583930969
45,0.7456936521763565,0.7470002950529456,0.6067933440208435,0.6041913032531738
46,0.7460975918172367,0.7467708094285808,0.6021690964698792,0.6026064157485962
47,0.746877370950066,0.747188801101531,0.6002845168113708,0.598964512348175
48,0.7471372973276759,0.7479182375504049,0.5968916416168213,0.5962586402893066
49,0.7492658836091831,0.7498278857817264,0.5942920446395874,0.5927625894546509
50,0.749676848287296,0.7501229387273383,0.5904366970062256,0.5900766253471375
51,0.7501475257818866,0.7513031505097859,0.5877349972724915,0.5868772268295288
52,0.7507481664652823,0.7519178441464774,0.5848603248596191,0.5838950276374817
53,0.7510397055104392,0.7518522768252303,0.5816980004310608,0.5821719765663147
54,0.7520126731671678,0.7531308395895485,0.5796636939048767,0.5787802934646606
55,0.7534106555764746,0.7542618758810609,0.5765204429626465,0.5760392546653748
56,0.7555954421558434,0.7565485362095532,0.5738718509674072,0.5734867453575134
57,0.757404389243263,0.7579664295315215,0.5709348320960999,0.5707210302352905
58,0.757344676426785,0.7579746254466774,0.5681914687156677,0.5683737993240356
59,0.7581139180037654,0.7585155558469658,0.5659770369529724,0.5657359957695007
60,0.7587461713547082,0.7592367963806839,0.5629388093948364,0.5631672143936157
61,0.759329249445022,0.7600072124053372,0.5603317022323608,0.5605422854423523
62,0.7609836457133223,0.7615726322001115,0.5579162836074829,0.5579894781112671
63,0.7620303762609942,0.7624250073763237,0.5549906492233276,0.555067777633667
64,0.7631684322926912,0.7638019211225126,0.5521727204322815,0.5524871945381165
65,0.7635583218591059,0.763908468019539,0.5497796535491943,0.5504674315452576
66,0.7647350155955827,0.7653509490869751,0.5473501682281494,0.547562301158905
67,0.7657852586618709,0.7656787856932105,0.5447648763656616,0.5453957915306091
68,0.7663964369011156,0.7663426548208373,0.54218590259552,0.542950451374054
69,0.7676398684913031,0.7669737402878405,0.5399421453475952,0.5409196019172668
70,0.7681316210975918,0.7685309641674589,0.537636399269104,0.5387002229690552
71,0.7676082558237559,0.7673507523850113,0.5358074903488159,0.5393324494361877
72,0.7643240509174699,0.7651050716322985,0.5355867147445679,0.5437041521072388
73,0.7503442268244022,0.7494918532603351,0.541667103767395,0.5660732388496399
74,0.7491886081996234,0.7488525718781759,0.5610302686691284,0.5714439153671265
75,0.7645207519599854,0.763982231255942,0.5706232786178589,0.5417118072509766
76,0.770621996796583,0.7700636003016097,0.537544310092926,0.5327946543693542
77,0.7596137634529463,0.7597203553748811,0.5288840532302856,0.5493588447570801
78,0.7733512237614859,0.7731042848244435,0.5477850437164307,0.5297119617462158
79,0.7713877258549471,0.770907779562666,0.5254701375961304,0.5296057462692261
80,0.7673026667041335,0.7680556010884175,0.5251900553703308,0.5353030562400818
81,0.7786340517604743,0.7780710094089106,0.5333502292633057,0.5180705785751343
82,0.7719778289824936,0.7715552568599809,0.5145264267921448,0.527003824710846
83,0.7747983814314215,0.7741615578795529,0.5225428342819214,0.5218724012374878
84,0.7809066513052519,0.7803166901616234,0.5192077159881592,0.5119970440864563
85,0.775265546407396,0.7745959413828148,0.5084443688392639,0.5219149589538574
86,0.7798809958692781,0.7795708618824377,0.517110288143158,0.5109919309616089
87,0.7818409812572007,0.7807592695800413,0.5079169869422913,0.5076361894607544
88,0.7796561946778318,0.778685703045602,0.5043591856956482,0.5137946605682373
89,0.7843664821423554,0.7833901583450809,0.5090798735618591,0.5033829212188721
90,0.7839168797594627,0.7825705668294922,0.4999350607395172,0.5026660561561584
91,0.782378396605502,0.781505097859227,0.49919959902763367,0.506623387336731
92,0.7864177930143029,0.7847752680064256,0.5015943646430969,0.4982895255088806
93,0.7869411582881389,0.7852752188309347,0.49445605278015137,0.49613529443740845
94,0.7857223143282659,0.7840622233878635,0.49216198921203613,0.4999021887779236
95,0.7876682496417231,0.785906304297938,0.4945583939552307,0.49429887533187866
96,0.7903623514204625,0.7892502376815396,0.4902263581752777,0.48990872502326965
97,0.7906714530587012,0.7882503360325214,0.4849468171596527,0.4909683167934418
98,0.7894139713940483,0.7876848178867653,0.4853883683681488,0.49045848846435547
99,0.7911456430719083,0.7890535357177982,0.48616620898246765,0.48881202936172485
100,0.7937097816618428,0.7920614365800085,0.48291438817977905,0.48301374912261963
101,0.7955362913423442,0.7940202603022654,0.4778015911579132,0.4804571270942688
102,0.7957856801641049,0.7938071665082123,0.47482335567474365,0.48095807433128357
103,0.7939416078905218,0.7924712323378028,0.47461315989494324,0.48153287172317505
104,0.7912299435187007,0.7891109071238894,0.47636014223098755,0.48733100295066833
105,0.7858698401101526,0.7844474314001901,0.48010680079460144,0.4949449896812439
106,0.7614472981706804,0.7581877192407305,0.4902137517929077,0.5289246439933777
107,0.7561328575041447,0.755622397796938,0.5209864377975464,0.5697811841964722
108,0.7756132857504144,0.7723256728846343,0.5666611790657043,0.5105109214782715
109,0.781914744148144,0.780775661410353,0.502916693687439,0.500593900680542
110,0.7749423946946918,0.7738255253581615,0.49492502212524414,0.5102806687355042
111,0.7845772332593363,0.7822345343081009,0.506303608417511,0.5068659782409668
112,0.7950866889594514,0.7929383995016883,0.49942129850387573,0.4810715615749359
113,0.7844613201449968,0.7838983050847458,0.4741421639919281,0.49764057993888855
114,0.7971344873127828,0.7953561944726748,0.49305981397628784,0.47749704122543335
115,0.7896176974737966,0.7872258466380356,0.47140243649482727,0.4865742623806
116,0.7923469244386995,0.7909713798642757,0.4790149927139282,0.4801824986934662
117,0.7970396493101414,0.7953807822181425,0.4738548994064331,0.47343114018440247
118,0.793892432629893,0.7916598367373701,0.4670957028865814,0.4794529974460602
119,0.8002922415488802,0.7988066747533029,0.4720202684402466,0.46837112307548523
120,0.7979845168179391,0.7965036225944989,0.4619770348072052,0.47017133235931396
121,0.8007558940062383,0.7985444054683146,0.464199423789978,0.46862781047821045
122,0.8024278528676202,0.7995525030324886,0.4607222080230713,0.46440574526786804
123,0.8017569618118976,0.8006261679179097,0.4566194415092468,0.46483513712882996
124,0.8055715570292522,0.8033799954102875,0.45836105942726135,0.458188533782959
125,0.8027755922106388,0.8003065272268302,0.45034390687942505,0.46215569972991943
126,0.8042719251412033,0.801617873651772,0.45361876487731934,0.45887327194213867
127,0.807433191895917,0.8048306723928794,0.45151832699775696,0.4535515010356903
128,0.8065374996487481,0.8036012851194965,0.4455614984035492,0.4553763270378113
129,0.8071451653693764,0.8049536111202177,0.44664257764816284,0.4545460045337677
130,0.8092316014274875,0.8059862964298593,0.4468306601047516,0.4509405195713043
131,0.8116517267541518,0.8090843523587844,0.44211065769195557,0.44667553901672363
132,0.8092245763902549,0.8069861980788775,0.438117653131485,0.448905348777771
133,0.8082024334728974,0.8046667540897616,0.4409145712852478,0.45081111788749695
134,0.8126036192991822,0.8093384257286168,0.44115781784057617,0.4446316063404083
135,0.8141280523786776,0.8112808576205619,0.4364594519138336,0.44111356139183044
136,0.816811616601568,0.8131741140215717,0.4322010576725006,0.4383274018764496
137,0.8151853204821986,0.8120266858997476,0.4291471838951111,0.44026654958724976
138,0.8139735015595583,0.8097810051470348,0.4313569962978363,0.442721962928772
139,0.8137311377750303,0.811059567911353,0.43243885040283203,0.44315510988235474
140,0.8096004158822042,0.8051994885748943,0.4345616400241852,0.44535306096076965
141,0.8082129710287465,0.8057158312297151,0.43528175354003906,0.4501243233680725
142,0.791222918481468,0.7864390387830705,0.44201788306236267,0.477589875459671
143,0.7744541546070194,0.7717519588237223,0.4666074216365814,0.5185905694961548
144,0.7870886840700255,0.7831033013146248,0.5116727948188782,0.4861016571521759
145,0.819934245651502,0.8165590269809527,0.47572213411331177,0.43303588032722473
146,0.8043667631438447,0.801757204209422,0.42466628551483154,0.4587693512439728
147,0.8084166971084946,0.8043307215683704,0.45028814673423767,0.4523262679576874
148,0.8170996431281086,0.8145592236829164,0.44171249866485596,0.4403477907180786
149,0.8177564841093657,0.8148460807133725,0.43174996972084045,0.43436843156814575
150,0.8112372495574226,0.8067239287938891,0.4267609715461731,0.44828909635543823
151,0.819481130749993,0.8162721699504967,0.4383690655231476,0.43151232600212097
152,0.8179461601146486,0.8155017539258433,0.42240363359451294,0.4347527027130127
153,0.817728383960435,0.8132806609185982,0.4260934591293335,0.4351968765258789
154,0.8213006153932616,0.818411303806183,0.42534351348876953,0.42835068702697754
155,0.8227688481748954,0.8197964134675277,0.41899263858795166,0.4241615831851959
156,0.8182552617528873,0.8148378847982166,0.41473957896232605,0.43155637383461
157,0.8252697614297356,0.8217552371897846,0.42142966389656067,0.42208564281463623
158,0.8270611459240734,0.8225338491295938,0.4130491614341736,0.42064881324768066
159,0.8253821620254588,0.8206160049831164,0.4105568826198578,0.4200879633426666
160,0.8232535757439514,0.8208700783529489,0.4093736410140991,0.4223884344100952
161,0.8251784359457105,0.8204193030193752,0.4130774736404419,0.4181296229362488
162,0.8296814848118695,0.824976231846048,0.40750446915626526,0.41406217217445374
163,0.8315255570854525,0.8272301085139167,0.4039076566696167,0.40968555212020874
164,0.8298114480006744,0.8261318558830278,0.3990519940853119,0.41138502955436707
165,0.8308125158063338,0.8269104678228371,0.40051406621932983,0.4103342294692993
166,0.8253013740972828,0.8191981116611481,0.4003777503967285,0.4174209535121918
167,0.8231657627785427,0.8203537356981281,0.40566807985305786,0.42188015580177307
168,0.8097971169247197,0.8041012359440055,0.41231057047843933,0.44108477234840393
169,0.8015181105459859,0.7981755892862997,0.42926350235939026,0.460746169090271
170,0.7966462472251102,0.7908238533914697,0.4526110887527466,0.46774283051490784
171,0.823056874701436,0.8205094580860899,0.45485827326774597,0.42364877462387085
172,0.8350521257762666,0.8312215191948333,0.41449519991874695,0.4034447968006134
173,0.8177845842582966,0.8126741631970625,0.3939603865146637,0.4307885468006134
174,0.8196953943855902,0.8173294430056061,0.419067919254303,0.4251258075237274
175,0.8358248798718633,0.8317870373405895,0.4157017767429352,0.3989812433719635
176,0.8235697024194228,0.8185670261941448,0.3886691927909851,0.4195675551891327
177,0.8269276702166521,0.8235665344392354,0.40843141078948975,0.4132242500782013
178,0.8377111023688426,0.8333606530505197,0.40370815992355347,0.39779460430145264
179,0.8287295922668391,0.8235337507786119,0.38673168420791626,0.41116663813591003
180,0.8307001152106106,0.8279841327082582,0.39944368600845337,0.40699759125709534
181,0.8399345266529913,0.8350981870635675,0.3972989320755005,0.39297088980674744
182,0.832375586590609,0.8269678392289282,0.3819388747215271,0.4042593240737915
183,0.8338016691488465,0.8304838868308035,0.39186328649520874,0.40178078413009644
184,0.8415292101048135,0.8366718027734977,0.3914124369621277,0.3900558650493622
185,0.8381536797145025,0.832614824771334,0.3785899579524994,0.3942701518535614
186,0.8366116840419254,0.8326558043471134,0.3818838596343994,0.39721134305000305
187,0.8401909405119847,0.8343277710389142,0.38612300157546997,0.3914172947406769
188,0.8449504032371371,0.8398846015146051,0.37916454672813416,0.3840090334415436
189,0.8416029729957569,0.8373192800708127,0.3720088601112366,0.3884728252887726
190,0.8391547475201618,0.8330983837655312,0.376700222492218,0.3925935626029968
191,0.8414168095090904,0.8376061371012687,0.3798746168613434,0.3881833851337433
192,0.8456810071093377,0.8400157361570993,0.37688878178596497,0.3822425901889801
193,0.8482521707365049,0.8428679146313477,0.3693252503871918,0.37853971123695374
194,0.8465977744682047,0.8418270334065502,0.36615830659866333,0.3796403110027313
195,0.8435524208278304,0.837155361767695,0.36755138635635376,0.38431239128112793
196,0.8431133560007869,0.8386224305805986,0.3710750341415405,0.3856430649757385
197,0.8388561834377722,0.8324509064682163,0.37372538447380066,0.39196527004241943
198,0.8325582375586591,0.8288692915450939,0.3780718445777893,0.4023407995700836
199,0.8172331188355298,0.8104284824443497,0.3907935917377472,0.4268071949481964
200,0.8088346868238402,0.8052732518112973,0.41226232051849365,0.45202887058258057
201,0.8195057183803074,0.8132478772579746,0.4420253336429596,0.425900936126709
202,0.8482802708854357,0.8442612202078484,0.41183704137802124,0.3756709396839142
203,0.8417785989265744,0.8380077369439072,0.3640153408050537,0.3883923888206482
204,0.8296709472560204,0.8234190079664295,0.3773297667503357,0.40808725357055664
205,0.8427691291763846,0.8385076877684162,0.3942701518535614,0.38326916098594666
206,0.84834349622053,0.8440809100744189,0.37162527441978455,0.37519964575767517
207,0.8355509034197881,0.8293200668786677,0.36371633410453796,0.3965943157672882
208,0.8471176272234243,0.8423187883159033,0.3832400441169739,0.3774707615375519
209,0.8504264197600248,0.8458102481723109,0.36525335907936096,0.3712959587574005
210,0.8413922218787759,0.834631019899682,0.35866057872772217,0.3853496015071869
211,0.8492251383932334,0.8442858079533161,0.3718934953212738,0.37397295236587524
212,0.8536298367381348,0.8480231452644003,0.36186787486076355,0.3664572238922119
213,0.8485577598561272,0.8415237845457824,0.353128045797348,0.3756955862045288
214,0.8489616994970073,0.8442448283775367,0.3614303767681122,0.37415382266044617
215,0.8541777896422851,0.8476379372520736,0.361844927072525,0.3652380108833313
216,0.8540899766768764,0.8485558797495328,0.3515181243419647,0.3651435375213623
217,0.8543990783151151,0.848908304101236,0.3510880768299103,0.3653181493282318
218,0.8548065304746115,0.8471297905124087,0.3523602783679962,0.36588340997695923
219,0.8517049765363757,0.8469085008031997,0.3513984978199005,0.3674577474594116
220,0.8548627307724731,0.8480805166704914,0.353567510843277,0.364589124917984
221,0.8590918031865569,0.853522604334,0.3503198027610779,0.3570457398891449
222,0.8598926574310843,0.8543667835950562,0.3429202139377594,0.35448744893074036
223,0.8586632759153624,0.8518834213028227,0.34034305810928345,0.35674768686294556
224,0.8576130328490741,0.8525554863456053,0.3426509499549866,0.3575848937034607
225,0.8575252198836654,0.8491787693013801,0.34325531125068665,0.3610728681087494
226,0.8479325315424172,0.8434170409467922,0.3456125557422638,0.3722734749317169
227,0.8235591648635737,0.8173294430056061,0.3587367832660675,0.4150739908218384
228,0.7944544356085087,0.7909222043733404,0.3984839916229248,0.4914844036102295
229,0.7839765925759407,0.7782759072878077,0.47974342107772827,0.5022459626197815
230,0.8439282603197797,0.8398518178539816,0.4854768216609955,0.38659003376960754
231,0.8398677887992806,0.835778448021506,0.37469080090522766,0.39218848943710327
232,0.8283151150701099,0.822091269711176,0.3810286819934845,0.41276904940605164
233,0.852997583387192,0.8472363374094352,0.3983183205127716,0.36724865436553955
234,0.8362182819568944,0.832541061534931,0.3543884754180908,0.3944624066352844
235,0.8516136510523505,0.8457856604268432,0.3836308419704437,0.3682669401168823
236,0.8411358080197825,0.8358686030882209,0.3563891351222992,0.38825225830078125
237,0.8542691151263102,0.8490312428285742,0.3738384246826172,0.3652951419353485
238,0.8469771264787703,0.8425728616857359,0.3521573841571808,0.37565094232559204
239,0.8562150504397673,0.8502688260171131,0.3636793792247772,0.3622800409793854
240,0.8517190266108411,0.8443841589351867,0.3487345278263092,0.36754560470581055
241,0.8552561328575041,0.849268924368095,0.3532363176345825,0.3633674383163452
242,0.8579151094500801,0.8533259023702586,0.35039547085762024,0.35731783509254456
243,0.8568613538651755,0.8499409894108776,0.3442361056804657,0.36063432693481445
244,0.8611887768005171,0.8535308002491558,0.34609225392341614,0.3520529568195343
245,0.8599488577289459,0.854243844867718,0.3378017842769623,0.3557862341403961
246,0.8626815972124652,0.8565796806871455,0.3425072729587555,0.3479557931423187
247,0.8600612583246692,0.8526374454971642,0.3334285616874695,0.35436445474624634
248,0.8644132688903251,0.857702521063502,0.33850470185279846,0.3455021381378174
249,0.8646345575631551,0.8582106678031669,0.3304043710231781,0.34581151604652405
250,0.8645994323769916,0.857046847851031,0.33079227805137634,0.34690484404563904
251,0.8662784162756063,0.8594400550765499,0.3306789994239807,0.34123536944389343
252,0.8671003456318318,0.8611038258531948,0.32577696442604065,0.3405466675758362
253,0.8678801247646613,0.8604153689801003,0.32565534114837646,0.3413696587085724
254,0.8670862955573665,0.8601367078648002,0.32539573311805725,0.338035523891449
255,0.8689690055357293,0.8618578500475363,0.32216379046440125,0.33501237630844116
256,0.869207856801641,0.8612595482411566,0.3196225166320801,0.33842217922210693
257,0.8674270098631522,0.8609726912107006,0.3223527669906616,0.33716854453086853
258,0.8678695872088122,0.8599154181555912,0.3207879662513733,0.3379259705543518
259,0.8666296681372412,0.858997475658132,0.3215734660625458,0.33872464299201965
260,0.8653827240284373,0.8584811330033112,0.32256463170051575,0.3442826569080353
261,0.8651438727625257,0.8572927253057077,0.32790425419807434,0.340909868478775
262,0.8694115828813893,0.8632347637937252,0.3238532543182373,0.33393770456314087
263,0.8742307584230197,0.8660787463528178,0.31788909435272217,0.32869982719421387
264,0.8694783207350999,0.8623086253811101,0.31185615062713623,0.33238211274147034
265,0.8696398965914519,0.8608989279742976,0.31563758850097656,0.33621639013290405
266,0.8704899260966084,0.8637838901091696,0.31931889057159424,0.3293771743774414
267,0.8734931295135864,0.8643084286791464,0.3125949203968048,0.3299955427646637
268,0.8687090791581196,0.862816772120775,0.3126797676086426,0.332581102848053
269,0.8630363615927165,0.8542110612070943,0.31629979610443115,0.34537628293037415
270,0.8443919127771378,0.8399501688358522,0.32735320925712585,0.3783624470233917
271,0.8053959310984348,0.7977739894436613,0.362623006105423,0.45339879393577576
272,0.7953922780790739,0.7918729305314232,0.4339176416397095,0.5193395614624023
273,0.8320348722848231,0.8240910730092122,0.5064325928688049,0.41132852435112
274,0.8425899907269508,0.8361144805428974,0.393912672996521,0.3870963454246521
275,0.8221506448984179,0.8184932629577418,0.37071099877357483,0.4272257089614868
276,0.8552420827830387,0.8496705242107334,0.4136187434196472,0.3648592233657837
277,0.8303875010537556,0.8235419466937678,0.3509792387485504,0.4149850606918335
278,0.8577710961868098,0.853522604334,0.39844101667404175,0.3539862036705017
279,0.8410515075729902,0.836720978264433,0.34096458554267883,0.39022067189216614
280,0.8616067665158625,0.8551290037045537,0.3782660961151123,0.35026201605796814
281,0.8485226346699638,0.842777759564633,0.33593785762786865,0.38199594616889954
282,0.8655829375895693,0.8600137691374619,0.36574575304985046,0.3441646695137024
283,0.85600078680417,0.8507851686719339,0.3302941620349884,0.36196476221084595
284,0.8648558462359851,0.8594400550765499,0.349675714969635,0.34051352739334106
285,0.8567419282322196,0.849482018162148,0.3269790709018707,0.35725587606430054
286,0.8664154045016439,0.8599645936465266,0.3413253426551819,0.33889514207839966
287,0.8643254559249164,0.8590466511490673,0.32329341769218445,0.3449740707874298
288,0.8701808244583696,0.8632101760482576,0.33081310987472534,0.3333761990070343
289,0.8666472307303229,0.8591040225551585,0.3185950815677643,0.34090456366539
290,0.871030853963526,0.8635626003999607,0.3248317837715149,0.3307799696922302
291,0.8689338803495659,0.8621447070779923,0.31440433859825134,0.33313319087028503
292,0.8736933430747182,0.8667999868865357,0.31737345457077026,0.3264898657798767
293,0.8729767892769832,0.864906730485526,0.3103940784931183,0.3300890624523163
294,0.8752845140079243,0.8681195292266335,0.3127371370792389,0.3240564465522766
295,0.8750351251861634,0.8684309740025571,0.30705809593200684,0.32332104444503784
296,0.8766930339730801,0.8684063862570894,0.306768000125885,0.32183516025543213
297,0.8763558321859106,0.8686276759662984,0.3045046329498291,0.3207434117794037
298,0.8769670104251552,0.870316034488411,0.30302053689956665,0.3185898959636688
299,0.8801317896984854,0.8719470216044324,0.3017732799053192,0.31549134850502014
300,0.8792150223396183,0.8705127364521522,0.29840192198753357,0.31673306226730347
301,0.8797313625762216,0.8719552175195883,0.2983958423137665,0.31338948011398315
302,0.8808975187568494,0.8727338294593975,0.29554492235183716,0.31237635016441345
303,0.8820812375305589,0.8731600170475036,0.29503270983695984,0.3112436532974243
304,0.882414926799112,0.8741025472904305,0.293232262134552,0.30932700634002686
305,0.8825167898389862,0.8739468249024686,0.29127031564712524,0.30903297662734985
306,0.8830963554106837,0.8742500737632364,0.2913142442703247,0.3066718280315399
307,0.8835389327563437,0.8746188899452513,0.28854382038116455,0.3066040277481079
308,0.8854251552533229,0.8767580238009376,0.2884722352027893,0.30500778555870056
309,0.8841149858094248,0.8755368324427105,0.28723883628845215,0.30466458201408386
310,0.8848596397560907,0.8760941546733109,0.28613075613975525,0.304236501455307
311,0.8853549048809959,0.8767170442251582,0.2853872776031494,0.3034213185310364
312,0.8856394188889201,0.8767908074615611,0.28528857231140137,0.3026917278766632
313,0.8845189254503049,0.875725338491296,0.2840655446052551,0.303750216960907
314,0.8843678871498019,0.8755942038488017,0.28472527861595154,0.3046591877937317
315,0.8831314805968472,0.8737419270235715,0.28600895404815674,0.30619651079177856
316,0.8818985865625087,0.8730452742353211,0.2869570553302765,0.3106600344181061
317,0.8843854497428837,0.8752499754122546,0.2914784848690033,0.304069459438324
318,0.888832298311181,0.879823296069239,0.2846243679523468,0.29769548773765564
319,0.8889446989069042,0.8797741205783037,0.27868208289146423,0.29605454206466675
320,0.8885793969708039,0.8790119004688064,0.27661803364753723,0.29761597514152527
321,0.8862470846095485,0.8775366357407468,0.27793946862220764,0.30031973123550415
322,0.8853373422879142,0.8757663180670754,0.28094711899757385,0.3034471273422241
323,0.8766298086379858,0.8696439694456283,0.28299787640571594,0.31422343850135803
324,0.8472897406356253,0.8375077861193981,0.29562830924987793,0.3692166805267334
325,0.7901445752662489,0.7869553814378913,0.3480142652988434,0.5611672401428223
326,0.7539550959620086,0.748631282168967,0.5431894063949585,0.6547268033027649
327,0.8567032905274398,0.8511703766842605,0.6323356032371521,0.3658822178840637
328,0.8148305561019473,0.810698947644494,0.35096147656440735,0.4703512489795685
329,0.8262532666423132,0.8203783234435957,0.45410391688346863,0.42284393310546875
330,0.8337138561834377,0.827131757532046,0.4054354727268219,0.40937814116477966
331,0.853773850001405,0.8490968101498213,0.3945448398590088,0.36628079414367676
332,0.8304331637957681,0.8263039701013015,0.3537789285182953,0.41536158323287964
333,0.8548030179559951,0.8479821656886208,0.40201690793037415,0.36048752069473267
334,0.8419050495967628,0.8354833950758942,0.3463813364505768,0.38681691884994507
335,0.8568718914210245,0.8503180015080484,0.37210699915885925,0.3621419072151184
336,0.8545395790597691,0.8501622791200866,0.34824907779693604,0.36283713579177856
337,0.8530327085733554,0.8491377897256007,0.35049968957901,0.36411452293395996
338,0.8650033720178717,0.8594646428220175,0.35205113887786865,0.34336093068122864
339,0.8597626942422795,0.8534324492672852,0.33087268471717834,0.3513505160808563
340,0.8637529153904515,0.8562272563354424,0.3382803499698639,0.3434794843196869
341,0.8671179082249136,0.8605465036225945,0.3299602270126343,0.33791157603263855
342,0.8656567004805126,0.8593908795856146,0.32409873604774475,0.33875179290771484
343,0.871252142636356,0.8644477592367964,0.3245713412761688,0.3303421437740326
344,0.8709711411470481,0.8639314165819756,0.31520047783851624,0.3321378827095032
345,0.8758781296540872,0.8688325738451955,0.31679946184158325,0.3225307762622833
346,0.8746803608059123,0.8679146313477363,0.3074183762073517,0.32286879420280457
347,0.8742412959788687,0.8676851457233715,0.30747613310813904,0.32189446687698364
348,0.8786846320285497,0.871250368816182,0.3058970272541046,0.3147128224372864
349,0.8778521651164751,0.869816083663902,0.297929972410202,0.319158673286438
350,0.8826010902857785,0.8744057961511983,0.30175167322158813,0.3106262683868408
351,0.8799315761373535,0.8736107923810773,0.29320287704467773,0.3125442862510681
352,0.8827837412538286,0.8755532242730223,0.295337975025177,0.3081870377063751
353,0.8839112597296765,0.8759466282005048,0.2909635007381439,0.3064126968383789
354,0.883472194902633,0.875504048782087,0.28879019618034363,0.3060964047908783
355,0.8853092421389833,0.8771678195587319,0.288207083940506,0.30143871903419495
356,0.8847261640486694,0.8767662197160935,0.28361746668815613,0.302425742149353
357,0.8883756708910557,0.879757728747992,0.2845325171947479,0.2986307144165039
358,0.887290302638604,0.8788070025899092,0.2803806662559509,0.29932901263237
359,0.887915530952314,0.8798806674753303,0.28097718954086304,0.2952117323875427
360,0.888045494141119,0.8798642756450186,0.2770807445049286,0.2953738272190094
361,0.8902759434625004,0.8815772219125988,0.2771805226802826,0.2932169437408447
362,0.8909433219996066,0.8811510343244927,0.27475547790527344,0.29234975576400757
363,0.8905323573214938,0.8816755728944694,0.273552805185318,0.29086369276046753
364,0.8913823868266502,0.8834131069075173,0.2721479535102844,0.28917306661605835
365,0.8929840953157052,0.8839130577320263,0.27063390612602234,0.28814542293548584
366,0.8929595076853908,0.883363931416582,0.2693101167678833,0.2875427007675171
367,0.8932615842863967,0.8836671802773498,0.26820144057273865,0.2866874039173126
368,0.8943504650574648,0.8850031144477593,0.26714083552360535,0.2853877544403076
369,0.8949827184084076,0.8849703307871357,0.2659958302974701,0.28450870513916016
370,0.8942099643128109,0.8842408943382618,0.2648460566997528,0.2841278612613678
371,0.8954077331609858,0.8856178080844507,0.26421764492988586,0.2830020785331726
372,0.8949967684828729,0.8848965675507328,0.26303449273109436,0.28354957699775696
373,0.8935601483687864,0.883937645477494,0.2634603977203369,0.2850176692008972
374,0.8915580127574676,0.8820279972461725,0.2645419239997864,0.2888253927230835
375,0.8894048388456459,0.8800363898632921,0.2684001624584198,0.2920922338962555
376,0.8880981819203642,0.8784709700685178,0.2716861665248871,0.2985166609287262
377,0.8911365105235057,0.8814214995246369,0.27802765369415283,0.2905125319957733
378,0.8961875122938151,0.8868062157820542,0.2688651978969574,0.2806701958179474
379,0.8962647877033748,0.8863718322787922,0.26049724221229553,0.2817026972770691
380,0.8948703178126844,0.8840359964593647,0.2607129216194153,0.2822367250919342
381,0.8962191249613622,0.8858309018785038,0.2608047127723694,0.2804119884967804
382,0.8955974091662686,0.8860194079270891,0.25962379574775696,0.2830484211444855
383,0.8930157079832524,0.8833229518408026,0.2614661157131195,0.28358975052833557
384,0.8959697361396015,0.8860194079270891,0.26300567388534546,0.2799603343009949
385,0.900033720178717,0.8895846310198997,0.25820228457450867,0.27386409044265747
386,0.8993768791974598,0.8884535947283874,0.2527640759944916,0.274614542722702
387,0.8978559586365807,0.8879700357341901,0.2529834806919098,0.27669015526771545
388,0.8989237642959508,0.8883060682555814,0.2547481656074524,0.27503982186317444
389,0.8989307893331835,0.8889043700619611,0.2540322244167328,0.2756274342536926
390,0.8963842133363307,0.8854293020358653,0.25340011715888977,0.2780335247516632
391,0.8960610616236266,0.8856833754056977,0.2563943862915039,0.2806640863418579
392,0.8946841543260179,0.884798216568862,0.25787585973739624,0.2803175449371338
393,0.8956044342035013,0.8850440940235387,0.258931964635849,0.28195732831954956
394,0.8928822322758311,0.8835606333803232,0.25895026326179504,0.28366342186927795
395,0.8914069744569646,0.8808313936334131,0.2623658776283264,0.28997674584388733
396,0.8880138814735719,0.8798151001540832,0.26674193143844604,0.29008346796035767
397,0.8927171439008627,0.8821509359735108,0.2688589096069336,0.28716138005256653
398,0.8933458847331891,0.8841507392715471,0.26407331228256226,0.2803764343261719
399,0.8987621884395988,0.8884535947283874,0.25900769233703613,0.274573415517807
400,0.901575715851294,0.8909943284267121,0.2518472671508789,0.2694288194179535
401,0.9027664596622362,0.8920352096515097,0.24752375483512878,0.26686498522758484
402,0.9024608705426139,0.8915926302330919,0.24495750665664673,0.26932546496391296
403,0.89823179812853,0.8877897256007605,0.24650084972381592,0.2737186551094055
404,0.8960189114002304,0.8860685834180244,0.25188422203063965,0.27997809648513794
405,0.8943153398713013,0.8840851719503,0.2564537525177002,0.28053125739097595
406,0.8980912973838762,0.8866586893092483,0.25847241282463074,0.27710872888565063
407,0.8990186022985922,0.8889863292135199,0.25342637300491333,0.2716946303844452
408,0.90103127546576,0.8903058715536176,0.24957208335399628,0.27128612995147705
409,0.900335796779723,0.8900190145231617,0.24795706570148468,0.2693450152873993
410,0.9051093095793408,0.894461200537652,0.2464209645986557,0.2640782594680786
411,0.9069077191109113,0.8956332164049438,0.24114038050174713,0.2603110671043396
412,0.9066618428077668,0.8952889879683965,0.2373047173023224,0.26027053594589233
413,0.9057450754488999,0.8945267678588992,0.23722398281097412,0.2630830407142639
414,0.9022747070559474,0.8917565485362096,0.23970821499824524,0.2665555477142334
415,0.9016635288167028,0.8906746877356325,0.24341526627540588,0.2703734338283539
416,0.8946806418074016,0.8854620856964889,0.24648164212703705,0.27825722098350525
417,0.884863152274707,0.8744221879815101,0.2555924355983734,0.3007614314556122
418,0.8624286958720881,0.8565387011113661,0.2755225896835327,0.3440609276294708
419,0.8400715148790289,0.8308936825885979,0.32205310463905334,0.4006357789039612
420,0.8429377300699694,0.8381388715864013,0.37342989444732666,0.4007786810398102
421,0.8941116137915531,0.883798314919844,0.37934231758117676,0.2841133177280426
422,0.8809361564616293,0.8705783037733993,0.26093995571136475,0.3126440942287445
423,0.8620001686008936,0.8566452480083926,0.2887392044067383,0.34670817852020264
424,0.8997070559473965,0.8902894797233059,0.3264595866203308,0.2709123492240906
425,0.8681681512912018,0.8587843818640789,0.2503437399864197,0.3327573239803314
426,0.880862393570686,0.873635380126545,0.3095230460166931,0.3044460117816925
427,0.8905147947284121,0.8821919155492902,0.2841622233390808,0.2863871157169342
428,0.8727203754179897,0.8627594007146838,0.26627346873283386,0.32050788402557373
429,0.8998861943968303,0.891150050814674,0.29835885763168335,0.26902440190315247
430,0.8826713406581055,0.8752581713274105,0.2480824887752533,0.30101531744003296
431,0.9010277629471436,0.8905353571779825,0.2805822789669037,0.27169269323349
432,0.8927944193104224,0.8821837196341343,0.25032487511634827,0.28545081615448
433,0.8942134768314272,0.885314559223683,0.26278749108314514,0.2789188325405121
434,0.8999388821760755,0.889633806510835,0.2574763894081116,0.2713295519351959
435,0.8941362014218676,0.8837573353440645,0.2496943324804306,0.2821754217147827
436,0.904396268300222,0.8938301150706488,0.2591603696346283,0.2630907893180847
437,0.8966300896394751,0.8871586401337573,0.24064737558364868,0.2753309905529022
438,0.9037605024306629,0.8935022784644133,0.25355541706085205,0.26531630754470825
439,0.903156349228651,0.892518768645707,0.24249407649040222,0.2660982310771942
440,0.9013368645853823,0.89143690784513,0.24296480417251587,0.26807156205177307
441,0.9064265040604715,0.895764351047438,0.24562644958496094,0.26053810119628906
442,0.9033846629387136,0.8924695931547717,0.2375473529100418,0.26589566469192505
443,0.9054605614409756,0.8948136248893551,0.2423984706401825,0.26091206073760986
444,0.9078806867676399,0.8967560567813002,0.23815125226974487,0.25635138154029846
445,0.9044243684491527,0.8937235681736223,0.23329706490039825,0.26334813237190247
446,0.9086885660494001,0.8974527095695506,0.23964479565620422,0.254974365234375
447,0.9082108635175766,0.8969527587450414,0.2318350374698639,0.25648102164268494
448,0.9075715851294012,0.8965921384781824,0.23342667520046234,0.25881850719451904
449,0.9105045381740523,0.898723076418713,0.23453454673290253,0.2527458071708679
450,0.9090433304296512,0.8976166278726683,0.22903597354888916,0.2546478509902954
451,0.9090960182088965,0.8975264728059535,0.23112820088863373,0.25495973229408264
452,0.9107750021075112,0.8994771006130544,0.23056566715240479,0.2519020736217499
453,0.9111824542670076,0.8998623086253811,0.2282162308692932,0.2505713403224945
454,0.9101954365358136,0.8983706520670098,0.22656962275505066,0.25332731008529663
455,0.9115337061286425,0.899870504540537,0.22849828004837036,0.2500267028808594
456,0.9125172113412201,0.9008376225289316,0.2259950041770935,0.24771849811077118
457,0.9115512687217242,0.9000835983345901,0.2234218567609787,0.25017574429512024
458,0.9123169977800882,0.900591745074255,0.22530119121074677,0.248881995677948
459,0.9132829403995841,0.9009113857653346,0.22450712323188782,0.24738509953022003
460,0.9129914013544271,0.9014031406746877,0.22251343727111816,0.24694932997226715
461,0.9138344058223509,0.9015424712323378,0.22210387885570526,0.24704237282276154
462,0.9115477562031079,0.8998049372192899,0.2224036157131195,0.24981698393821716
463,0.9137887430803383,0.9012556142018818,0.22398920357227325,0.2472434788942337
464,0.9119973585860005,0.9005835491590991,0.22215907275676727,0.2479747086763382
465,0.9102867620198387,0.898501786709504,0.22275111079216003,0.2528125047683716
466,0.903630539241858,0.893231813264269,0.22706077992916107,0.26193755865097046
467,0.8991345154129317,0.8879618398190342,0.2366691380739212,0.27372661232948303
468,0.8879436311012449,0.8791512310264564,0.24758915603160858,0.29832836985588074
469,0.8889482114255206,0.878454578238206,0.27238553762435913,0.291503369808197
470,0.8995735802399752,0.8898141166442645,0.2654689848423004,0.2690817415714264
471,0.9113018798999635,0.8999934432678753,0.24422918260097504,0.24957384169101715
472,0.9103534998735493,0.898501786709504,0.22399385273456573,0.25229501724243164
473,0.9023800826144378,0.8925433563911747,0.22712008655071259,0.2643212080001831
474,0.90592772641695,0.8955922368291643,0.23942437767982483,0.25908133387565613
475,0.9113651052350578,0.9000262269284989,0.23349396884441376,0.2500087320804596
476,0.9116777193919128,0.9000508146739665,0.22536297142505646,0.24809688329696655
477,0.910037373198078,0.8981001868668655,0.22232766449451447,0.2525778114795685
478,0.9093840447354371,0.8987148805035571,0.22653578221797943,0.2516000270843506
479,0.9094648326636131,0.8987066845884012,0.22631454467773438,0.2525993287563324
480,0.9104272627644927,0.8988050355702718,0.22632773220539093,0.2492656111717224
481,0.9145263719897715,0.9020506179720027,0.22383928298950195,0.24380065500736237
482,0.9159524545480091,0.9038127397305183,0.21721071004867554,0.24243339896202087
483,0.9128333380166915,0.9009769530865817,0.21603533625602722,0.24449531733989716
484,0.9116144940568185,0.9002884962134872,0.21885137259960175,0.24850867688655853
485,0.9119552083626044,0.9001737534013048,0.22164775431156158,0.24730049073696136
486,0.9147933234046141,0.9027964462511884,0.22139322757720947,0.2438933402299881
487,0.9154993396465001,0.9038701111366095,0.21698658168315887,0.24049389362335205
488,0.9170764605052407,0.9045011966036127,0.2145669311285019,0.23911038041114807
489,0.9172836991036053,0.9047142903976658,0.21239951252937317,0.23928458988666534
490,0.9184779554331638,0.9056568206405927,0.2122054547071457,0.2376086413860321
491,0.9176349509652402,0.9051650657312396,0.21116094291210175,0.2378886640071869
492,0.917684126225869,0.9053289840343572,0.21061350405216217,0.23783354461193085
493,0.9182145165369376,0.9057223879618398,0.21080158650875092,0.23948441445827484
494,0.9131845898783264,0.9016244303838966,0.21184857189655304,0.24435202777385712
495,0.910037373198078,0.8984034357276334,0.21754765510559082,0.2521677613258362
496,0.8997527186894091,0.8898960757958234,0.2243414670228958,0.2686026096343994
497,0.8848912524236379,0.8735452250598302,0.24170954525470734,0.30016645789146423
498,0.8672548964509512,0.8603579975740091,0.27075693011283875,0.3462807834148407
499,0.858427937168067,0.8484329410221946,0.31993335485458374,0.3672371208667755
500,0.8779891533425127,0.8705537160279316,0.33711862564086914,0.3196294903755188
501,0.9064756793211004,0.8964200242599089,0.2945491373538971,0.2561935782432556
502,0.8765314581167281,0.8660787463528178,0.23018735647201538,0.3176453113555908
503,0.8864894483940765,0.8791348391961447,0.28958192467689514,0.29897424578666687
504,0.9081335881080169,0.8989033865521424,0.2748402953147888,0.253357470035553
505,0.8820144996768483,0.8719224338589647,0.22976866364479065,0.30510416626930237
506,0.9054921741085228,0.8951168737501229,0.27901265025138855,0.25853055715560913
507,0.9013403771039986,0.8915106710815329,0.23362091183662415,0.26576802134513855
508,0.8983336611684042,0.8878225092613842,0.2412858009338379,0.27256208658218384
509,0.9114775058307809,0.9011408713896993,0.2469627410173416,0.24827216565608978
510,0.9017724168938095,0.8915926302330919,0.2235604226589203,0.2664141058921814
511,0.9134093910697727,0.9018703078385732,0.24212056398391724,0.24515803158283234
512,0.9068620563688987,0.8959200734353998,0.2193400263786316,0.25775325298309326
513,0.9090398179110349,0.8987476641641806,0.23078934848308563,0.25379568338394165
514,0.9143612836148032,0.9027308789299413,0.22846272587776184,0.2418762892484665
515,0.907701548318206,0.8962397141264794,0.21595512330532074,0.2565569579601288
516,0.9175120128136679,0.9050503229190572,0.2291637659072876,0.23832473158836365
517,0.9128228004608424,0.9022882995115235,0.21237245202064514,0.24526512622833252
518,0.9120886840700255,0.9003294757892666,0.2193802297115326,0.2454710304737091
519,0.9182566667603338,0.9064354325804019,0.21857663989067078,0.23558123409748077
520,0.9142875207238599,0.902821033996656,0.20893968641757965,0.24369773268699646
521,0.9182074914997049,0.9061895551257253,0.21773958206176758,0.23619236052036285
522,0.9169254222047377,0.9048700127856276,0.20913077890872955,0.23741160333156586
523,0.9167814089414674,0.9048946005310953,0.21007898449897766,0.23885290324687958
524,0.9193104223452384,0.9068288365078845,0.21198949217796326,0.23531019687652588
525,0.9188748700368112,0.9066075467986755,0.20743262767791748,0.23502737283706665
526,0.9186676314384467,0.9072878077566141,0.20732314884662628,0.23426395654678345
527,0.9195633236856156,0.9068370324230404,0.2074783891439438,0.23350773751735687
528,0.9211088318768089,0.9079680687145527,0.20566193759441376,0.23132698237895966
529,0.9204168657093883,0.9081893584237616,0.2033909112215042,0.23190097510814667
530,0.9197073369488858,0.9070501262170934,0.2044139802455902,0.23272407054901123
531,0.9219096861213364,0.9089843621938826,0.2047605663537979,0.22926712036132812
532,0.92172352263467,0.9087876602301413,0.20131176710128784,0.22992505133152008
533,0.9204133531907719,0.9077631708356555,0.2020188719034195,0.2327278107404709
534,0.9217621603394498,0.9089024030423237,0.2037549465894699,0.22925958037376404
535,0.9220817995335375,0.9091728682424679,0.20129702985286713,0.22856654226779938
536,0.9207154297917779,0.90715667311412,0.20028868317604065,0.23070527613162994
537,0.9213863208475005,0.9084434317935941,0.20197220146656036,0.23024731874465942
538,0.9210561440975638,0.9080418319509557,0.20156626403331757,0.23010052740573883
539,0.9203185151881305,0.9077385830901878,0.20119790732860565,0.23103715479373932
540,0.9208208053502683,0.9076976035144084,0.2020382583141327,0.2318204939365387
541,0.9171361733217186,0.9044028456217421,0.2032095491886139,0.2378062605857849
542,0.9199567257706466,0.9062961020227519,0.20798219740390778,0.23405848443508148
543,0.9191664090819681,0.9067304855260139,0.20507630705833435,0.2328692525625229
544,0.9204800910444826,0.9070911057928729,0.20342399179935455,0.2317224144935608
545,0.9204309157838536,0.9079025013933055,0.20210975408554077,0.23079638183116913
546,0.920817292831652,0.9077713667508114,0.20168744027614594,0.23075397312641144
547,0.922963441706241,0.9101645739763302,0.2007485032081604,0.22651608288288116
548,0.9240804226262399,0.9103776677703832,0.19746200740337372,0.22609035670757294
549,0.9211825947677522,0.9077549749204996,0.19626282155513763,0.22854481637477875
550,0.9216216595947958,0.907730387175032,0.19901780784130096,0.22953978180885315
551,0.9197810998398291,0.9068862079139757,0.19968369603157043,0.23066788911819458
552,0.9218991485654874,0.9085335868603088,0.20093399286270142,0.23008278012275696
553,0.9200550762919043,0.907222240435367,0.19967244565486908,0.2311430424451828
554,0.9172696490291399,0.9040012457791037,0.20174060761928558,0.23845164477825165
555,0.9123872481524152,0.900665508310658,0.20718416571617126,0.24596485495567322
556,0.9057029252255037,0.8928220175064747,0.2166808694601059,0.26071107387542725
557,0.8942872397223706,0.8855850244238271,0.22904184460639954,0.283992737531662
558,0.8915299126085369,0.8788151985050651,0.2541729509830475,0.28940990567207336
559,0.8948492427009863,0.8860521915877126,0.2578689455986023,0.2852383255958557
560,0.9170343102818445,0.9050994984099925,0.2548868954181671,0.23859111964702606
561,0.9172520864360582,0.9049437760220306,0.2090935856103897,0.23827366530895233
562,0.9004306347823643,0.8906337081598531,0.20931462943553925,0.2673828601837158
563,0.9122045971843651,0.8997885453889781,0.23771391808986664,0.24810601770877838
564,0.9181337286087616,0.9055994492345015,0.21808530390262604,0.23643016815185547
565,0.913887093601596,0.902607940202603,0.20752869546413422,0.2441394180059433
566,0.9168516593137943,0.9039930498639478,0.2142232209444046,0.23865476250648499
567,0.9132302526203389,0.9013703570140642,0.20916570723056793,0.24514630436897278
568,0.9206522044566836,0.9077713667508114,0.21690486371517181,0.22906753420829773
569,0.9186289937336668,0.9059682654165164,0.19870252907276154,0.23549363017082214
570,0.9169219096861213,0.9045339802642363,0.20470327138900757,0.23796460032463074
571,0.9208629555736645,0.9074763138051994,0.20875605940818787,0.22969387471675873
572,0.9200550762919043,0.9070419303019375,0.19915243983268738,0.2319544553756714
573,0.9224119762834743,0.9099678720125889,0.2018127143383026,0.22823931276798248
574,0.9228650911849833,0.9096646231518212,0.19837316870689392,0.2261674404144287
575,0.9198408126563071,0.9073123955020818,0.19580934941768646,0.23061922192573547
576,0.9250007025037232,0.9117217978559486,0.20026084780693054,0.22349758446216583
577,0.9266410486975581,0.9136478379175819,0.19326451420783997,0.2197115123271942
578,0.9239926096608312,0.9110497328131659,0.18962030112743378,0.22370165586471558
579,0.9247302385702644,0.9112628266072189,0.19306832551956177,0.22253981232643127
580,0.9258682946019614,0.912918401468708,0.19149640202522278,0.22132296860218048
581,0.9249761148734088,0.9116480346195456,0.190695658326149,0.22225283086299896
582,0.9275964537612049,0.9141805724027144,0.19103987514972687,0.21746793389320374
583,0.9286150841599461,0.914573976330197,0.1866738498210907,0.21723133325576782
584,0.9259420574929047,0.912557781201849,0.18635793030261993,0.2189396619796753
585,0.9287064096439711,0.9151067108153297,0.18756133317947388,0.21622930467128754
586,0.9285694214179335,0.9140986132511556,0.18479129672050476,0.21769548952579498
587,0.9254854300727794,0.9122217486804577,0.1860063523054123,0.22066180408000946
588,0.9277439795430916,0.9143772743664558,0.18905481696128845,0.21762029826641083
589,0.9272276393064883,0.9134511359538406,0.1862349510192871,0.2189069390296936
590,0.9249796273920252,0.9109349900009835,0.18727180361747742,0.2214716523885727
591,0.9269887880405766,0.9132872176507228,0.1891622245311737,0.21881350874900818
592,0.9264443476550426,0.9127954627413697,0.18714480102062225,0.22011025249958038
593,0.9237256582459887,0.9106645248008393,0.18796485662460327,0.22340141236782074
594,0.922408463764858,0.9086893092482706,0.19152158498764038,0.22851213812828064
595,0.910107623570405,0.8986902927580893,0.1957535445690155,0.24929867684841156
596,0.8786916570657824,0.8669229256138741,0.21803057193756104,0.3242703676223755
597,0.8090419254222048,0.8050355702717765,0.2882292568683624,0.530929684638977
598,0.7365927164413971,0.7316001704750352,0.5004191994667053,0.9742119312286377
599,0.7704112456796021,0.7665967281906698,0.9373877048492432,0.8636141419410706
600,0.8002079411020878,0.7967495000491754,0.8418301343917847,0.5723457336425781
601,0.7778261724787141,0.772202734157296,0.5508293509483337,0.67204749584198
602,0.8168081040829517,0.8123955020817625,0.6421713829040527,0.5958133935928345
603,0.8341845336780285,0.8292381077271088,0.5705894827842712,0.5227647423744202
604,0.8234783769353977,0.8184768711274301,0.50126713514328,0.4805125296115875
605,0.8187294517660944,0.8138789627249778,0.4636583924293518,0.46997109055519104
606,0.8248623092702392,0.8194849686916041,0.4562179446220398,0.44459059834480286
607,0.8307528029898559,0.825476182670557,0.4318709671497345,0.427858829498291
608,0.8348308371034366,0.8303527521883094,0.4136730432510376,0.4274945557117462
609,0.8347781493241914,0.831385437497951,0.41253790259361267,0.42637762427330017
610,0.8377813527411695,0.833254106153493,0.4109576642513275,0.4140895903110504
611,0.8438931351336162,0.8390158345080811,0.39901742339134216,0.3963075578212738
612,0.845431618287577,0.8402206340359964,0.3818518817424774,0.3884575366973877
613,0.8515188130497091,0.8461708684391699,0.37457913160324097,0.3750033676624298
614,0.8514380251215331,0.8468675212274203,0.36233896017074585,0.371572881937027
615,0.8524180178154944,0.8479821656886208,0.35979101061820984,0.36716949939727783
616,0.8580310225644195,0.8529734780185555,0.35551175475120544,0.3556407392024994
617,0.8608059122713351,0.8553339015834508,0.3434846103191376,0.35108399391174316
618,0.8624005957231573,0.8561534930990394,0.33805373311042786,0.34829357266426086
619,0.8666226431000085,0.8607595974166475,0.334774911403656,0.33865082263946533
620,0.8708306404023941,0.8644231714913287,0.32533127069473267,0.33040136098861694
621,0.8709219658864192,0.8656771465101794,0.31731653213500977,0.32783931493759155
622,0.8728187259392475,0.8676359702324361,0.3146178722381592,0.32373401522636414
623,0.8770091606485514,0.8706356751794906,0.31019145250320435,0.31817325949668884
624,0.8788110826987383,0.8726518703078385,0.3041258156299591,0.31475088000297546
625,0.8804303537808751,0.8743812084057306,0.30002889037132263,0.310247540473938
626,0.8825203023576025,0.8758072976428548,0.2947426736354828,0.3063061535358429
627,0.8837672464664063,0.8762416811461168,0.29004546999931335,0.3042849004268646
628,0.8847191390114367,0.8771842113890437,0.28746116161346436,0.3017740249633789
629,0.8872622024896732,0.8792659738386388,0.28452053666114807,0.2972598671913147
630,0.8893451260291679,0.8810035078516867,0.2796766757965088,0.2935526371002197
631,0.890402394132689,0.8823968134281874,0.2756621539592743,0.29168808460235596
632,0.8917406637255177,0.8835524374651673,0.27353939414024353,0.28889039158821106
633,0.8934020850310507,0.8841343474412353,0.27048608660697937,0.28543320298194885
634,0.8941643015707983,0.8848228043143297,0.2666974365711212,0.28292906284332275
635,0.8951197066344452,0.886175130315051,0.2638685405254364,0.28027281165122986
636,0.8968794784612358,0.8880765826312166,0.2610740065574646,0.2770284414291382
637,0.8982844859077753,0.8892813821591319,0.2578243315219879,0.27443772554397583
638,0.8996192429819878,0.8903632429597089,0.2552487850189209,0.2718311846256256
639,0.9004587349312951,0.8911582467298299,0.25260522961616516,0.2695343494415283
640,0.9013579396970804,0.892158148378848,0.250117689371109,0.2673461437225342
641,0.9023765700958215,0.8930760908763072,0.24759875237941742,0.2651994526386261
642,0.9032090370078961,0.8942153230829755,0.24506644904613495,0.2635611295700073
643,0.9044559811166999,0.8952070288168377,0.24302805960178375,0.26169613003730774
644,0.9055167617388372,0.8955758449988526,0.24076153337955475,0.25984838604927063
645,0.9062579031668868,0.8963954365144412,0.2385006994009018,0.25821200013160706
646,0.9072449208980807,0.8969527587450414,0.23649738729000092,0.2565128803253174
647,0.9082705763340546,0.8978379175818771,0.23459944128990173,0.25491610169410706
648,0.909050355466884,0.8992312231583779,0.2327978014945984,0.25307944416999817
649,0.9097914968949335,0.8994771006130544,0.23081761598587036,0.25143176317214966
650,0.9102621743895243,0.8998787004556928,0.22904886305332184,0.25003719329833984
